{
  "placeholderImages": [
    {
      "id": "hero-1",
      "description": "Modern laboratory with scientific equipment",
      "imageUrl": "https://images.unsplash.com/photo-1742970936099-b68c962278c9?crop=entropy&cs=tinysrgb&fit=max&fm=jpg&ixid=M3w3NDE5ODJ8MHwxfHNlYXJjaHwyfHxtb2Rlcm4lMjBsYWJvcmF0b3J5fGVufDB8fHx8MTc2MjcwNDc2NHww&ixlib=rb-4.1.0&q=80&w=1080",
      "imageHint": "modern laboratory"
    },
    {
      "id": "hero-2",
      "description": "Scientist working with mass spectrometry equipment",
      "imageUrl": "https://images.unsplash.com/photo-1707944745891-922795a805dd?crop=entropy&cs=tinysrgb&fit=max&fm=jpg&ixid=M3w3NDE5ODJ8MHwxfHNlYXJjaHw2fHxzY2llbnRpc3QlMjBsYWJ8ZW58MHx8fHwxNzYyNjcwNDM2fDA&ixlib=rb-4.1.0&q=80&w=1080",
      "imageHint": "scientist lab"
    },
    {
      "id": "hero-3",
      "description": "Technician handling lab samples with precision",
      "imageUrl": "https://images.unsplash.com/photo-1579154204601-01588f351e67?crop=entropy&cs=tinysrgb&fit=max&fm=jpg&ixid=M3w3NDE5ODJ8MHwxfHNlYXJjaHwxfHx0ZWNobmljaWFuJTIwc2FtcGxlc3xlbnwwfHx8fDE3NjI3NzIzMTB8MA&ixlib=rb-4.1.0&q=80&w=1080",
      "imageHint": "technician samples"
    },
    {
      "id": "hero-4",
      "description": "Environmental scientist taking a soil sample",
      "imageUrl": "https://images.unsplash.com/photo-1643897905124-5f28dfa30096?crop=entropy&cs=tinysrgb&fit=max&fm=jpg&ixid=M3w3NDE5ODJ8MHwxfHNlYXJjaHwzfHxzb2lsJTIwc2FtcGxlfGVufDB8fHx8MTc2Mjc3ODYxNHww&ixlib=rb-4.1.0&q=80&w=1080",
      "imageHint": "soil sample"
    },
    {
      "id": "hero-5",
      "description": "Microbiologist examining petri dishes",
      "imageUrl": "https://images.unsplash.com/photo-1595154038355-f717191eaab4?crop=entropy&cs=tinysrgb&fit=max&fm=jpg&ixid=M3w3NDE5ODJ8MHwxfHNlYXJjaHwxMHx8cGV0cmklMjBkaXNoZXN8ZW58MHx8fHwxNzYyNzQ2NjA4fDA&ixlibrb-4.1.0&q=80&w=1080",
      "imageHint": "petri dishes"
    },
    {
      "id": "hero-6",
      "description": "Auditor reviewing compliance documents",
      "imageUrl": "https://images.unsplash.com/photo-1753955900083-b62ee8d97805?crop=entropy&cs=tinysrgb&fit=max&fm=jpg&ixid=M3w3NDE5ODJ8MHwxfHNlYXJjaHwxfHxjb21wbGlhbmNlJTIwYXVkaXR8ZW58MHx8fHwxNzYyOTMyMzc4fDA&ixlib=rb-4.1.0&q=80&w=1080",
      "imageHint": "compliance audit"
    },
    {
      "id": "company-info-1",
      "description": "AnaTech Laboratory",
      "imageUrl": "https://images.unsplash.com/photo-1759866042499-d0b3e9d87ceb?crop=entropy&cs=tinysrgb&fit=max&fm=jpg&ixid=M3w3NDE5ODJ8MHwxfHNlYXJjaHw1fHxtb2Rlcm4lMjBsYWJvcmF0b3J5fGVufDB8fHx8MTc2MjcwNDc2NHww&ixlib=rb-4.1.0&q=80&w=1080",
      "imageHint": "modern laboratory"
    },
    {
      "id": "project-1",
      "description": "Pharmaceutical plant",
      "imageUrl": "https://images.unsplash.com/photo-1619070284836-e850273d69ac?crop=entropy&cs=tinysrgb&fit=max&fm=jpg&ixid=M3w3NDE5ODJ8MHwxfHNlYXJjaHw2fHxwaGFybWFjZXV0aWNhbCUyMHBsYW50fGVufDB8fHx8MTc2Mjc3MjMxMHww&ixlib=rb-4.1.0&q=80&w=1080",
      "imageHint": "pharmaceutical plant"
    },
    {
      "id": "project-2",
      "description": "River ecosystem",
      "imageUrl": "https://images.unsplash.com/photo-1751091764788-75cc6a39e9c6?crop=entropy&cs=tinysrgb&fit=max&fm=jpg&ixid=M3w3NDE5ODJ8MHwxfHNlYXJjaHwzfHxyaXZlciUyMGluZHVzdHJpYWx8ZW58MHx8fHwxNzYyNzcyMzEwfDA&ixlib=rb-4.1.0&q=80&w=1080",
      "imageHint": "river industrial"
    },
    {
      "id": "project-3",
      "description": "Modern office interior",
      "imageUrl": "https://images.unsplash.com/photo-1559136555-9303baea8ebd?crop=entropy&cs=tinysrgb&fit=max&fm=jpg&ixid=M3w3NDE5ODJ8MHwxfHNlYXJjaHwyfHxtb2Rlcm4lMjBvZmZpY2V8ZW58MHx8fHwxNzYyNjU3MTE2fDA&ixlib-rb-4.1.0&q=80&w=1080",
      "imageHint": "modern office"
    },
    {
      "id": "project-4",
      "description": "Food processing facility",
      "imageUrl": "https://images.unsplash.com/photo-1675647961985-0583e7601b02?crop=entropy&cs=tinysrgb&fit=max&fm=jpg&ixid=M3w3NDE5ODJ8MHwxfHNlYXJjaHw5fHxmb29kJTIwcHJvY2Vzc2luZ3xlbnwwfHx8fDE3NjI3NzIzMTB8MA&ixlib=rb-4.1.0&q=80&w=1080",
      "imageHint": "food processing"
    },
    {
      "id": "project-detail-1",
      "description": "Scientist with safety goggles",
      "imageUrl": "https://images.unsplash.com/photo-1758685734614-63fe30c18b79?crop=entropy&cs=tinysrgb&fit=max&fm=jpg&ixid=M3w3NDE5ODJ8MHwxfHNlYXJjaHw0fHxzY2llbnRpc3QlMjBwb3J0cmFpdHxlbnwwfHx8fDE3NjI3MTM4NjF8MA&ixlib=rb-4.1.0&q=80&w=1080",
      "imageHint": "scientist portrait"
    },
    {
      "id": "project-detail-2",
      "description": "Air quality monitoring device",
      "imageUrl": "https://imagine-public.x.ai/imagine-public/images/879ec016-2345-4f7c-a9f6-8a7b12f08edc.png?cache=1",
      "imageHint": "lab equipment"
    },
    {
      "id": "project-detail-3",
      "description": "Water sample collection",
      "imageUrl": "https://images.unsplash.com/photo-1672062519629-abe610383152?crop=entropy&cs=tinysrgb&fit=max&fm=jpg&ixid=M3w3NDE5ODJ8MHwxfHNlYXJjaHw5fHx3YXRlciUyMHNhbXBsZXxlbnwwfHx8fDE3NjI3NzIzMTB8MA&ixlib=rb-4.1.0&q=80&w=1080",
      "imageHint": "water sample"
    },
    {
      "id": "project-detail-4",
      "description": "Data analysis on computer screen",
      "imageUrl": "https://images.unsplash.com/photo-1460925895917-afdab827c52f?crop=entropy&cs=tinysrgb&fit=max&fm=jpg&ixid=M3w3NDE5ODJ8MHwxfHNlYXJjaHw1fHxkYXRhJTIwYW5hbHlzaXN8ZW58MHx8fHwxNzYyNzQ0MjU4fDA&ixlib-rb-4.1.0&q=80&w=1080",
      "imageHint": "data analysis"
    },
    {
      "id": "project-detail-5",
      "description": "Ergonomic office chair",
      "imageUrl": "https://images.unsplash.com/photo-1688578735427-994ecdea3ea4?crop=entropy&cs=tinysrgb&fit=max&fm=jpg&ixid=M3w3NDE5ODJ8MHwxfHNlYXJjaHw1fHxlcmdvbm9taWMlMjBjaGFpcnxlbnwwfHx8fDE3NjI3NTg3OTV8MA&ixlib-rb-4.1.0&q=80&w=1080",
      "imageHint": "ergonomic chair"
    },
    {
      "id": "project-detail-6",
      "description": "Team workshop presentation",
      "imageUrl": "https://images.unsplash.com/photo-1690191793753-49f801f5cca5?crop=entropy&cs=tinysrgb&fit=max&fm=jpg&ixid=M3w3NDE5ODJ8MHwxfHNlYXJjaHw2fHx0ZWFtJTIwcHJlc2VudGF0aW9ufGVufDB8fHx8MTc2Mjc3MjMxMHww&ixlib-rb-4.1.0&q=80&w=1080",
      "imageHint": "team presentation"
    },
    {
      "id": "project-detail-7",
      "description": "Technician in food lab",
      "imageUrl": "https://images.unsplash.com/photo-1475906089153-644d9452ce87?crop=entropy&cs=tinysrgb&fit=max&fm=jpg&ixid=M3w3NDE5ODJ8MHwxfHNlYXJjaHwzfHxmb29kJTIwbGFifGVufDB8fHx8MTc2Mjc3MjMxMHww&ixlib-rb-4.1.0&q=80&w=1080",
      "imageHint": "food lab"
    },
    {
      "id": "project-detail-8",
      "description": "Petri dishes in a lab",
      "imageUrl": "https://images.unsplash.com/photo-1580795478724-5b048f1c5b03?crop=entropy&cs=tinysrgb&fit=max&fm=jpg&ixid=M3w3NDE5ODJ8MHwxfHNlYXJjaHw2fHxwZXRyaSUyMGRpc2h8ZW58MHx8fHwxNzYyNzA3NzQwfDA&ixlib-rb-4.1.0&q=80&w=1080",
      "imageHint": "petri dish"
    },
    {
      "id": "achievement-1",
      "description": "ISO certification logo",
      "imageUrl": "https://images.unsplash.com/photo-1762329386486-f38ef2077a06?crop=entropy&cs=tinysrgb&fit=max&fm=jpg&ixid=M3w3NDE5ODJ8MHwxfHNlYXJjaHw1fHxjZXJ0aWZpY2F0aW9uJTIwbG9nb3xlbnwwfHx8fDE3NjI3NzIzMTB8MA&ixlib-rb-4.1.0&q=80&w=1080",
      "imageHint": "certification logo"
    },
    {
      "id": "achievement-2",
      "description": "NABL certification logo",
      "imageUrl": "https://images.unsplash.com/photo-1762329386486-f38ef2077a06?crop=entropy&cs=tinysrgb&fit=max&fm=jpg&ixid=M3w3NDE5ODJ8MHwxfHNlYXJjaHw1fHxjZXJ0aWZpY2F0aW9uJTIwbG9nb3xlbnwwfHx8fDE3NjI3NzIzMTB8MA&ixlib-rb-4.1.0&q=80&w=1080",
      "imageHint": "certification logo"
    },
    {
      "id": "achievement-3",
      "description": "Trophy for an award",
      "imageUrl": "https://images.unsplash.com/photo-1759701546980-1211be084c70?crop=entropy&cs=tinysrgb&fit=max&fm=jpg&ixid=M3w3NDE5ODJ8MHwxfHNlYXJjaHwxMHx8YXdhcmQlMjB0cm9waHl8ZW58MHx8fHwxNzYyNzcyMzEwfDA&ixlib-rb-4.1.0&q=80&w=1080",
      "imageHint": "award trophy"
    },
    {
      "id": "achievement-4",
      "description": "Magazine cover feature",
      "imageUrl": "https://images.unsplash.com/photo-1723479129060-35385e8df1c4?crop=entropy&cs=tinysrgb&fit=max&fm=jpg&ixid=M3w3NDE5ODJ8MHwxfHNlYXJjaHw1fHxtYWdhemluZSUyMGZlYXR1cmV8ZW58MHx8fHwxNzYyNzcyMzEwfDA&ixlib-rb-4.1.0&q=80&w=1080",
      "imageHint": "magazine feature"
    },
    {
      "id": "achievement-5",
      "description": "Handshake between professionals",
      "imageUrl": "https://images.unsplash.com/photo-1600880292203-757bb62b4baf?crop=entropy&cs=tinysrgb&fit=max&fm=jpg&ixid=M3w3NDE5ODJ8MHwxfHNlYXJjaHw1fHxidXNpbmVzcyUyMGhhbmRzaGFrZXxlbnwwfHx8fDE3NjI3NjY2NzB8MA&ixlib-rb-4.1.0&q=80&w=1080",
      "imageHint": "business handshake"
    },
    {
      "id": "achievement-6",
      "description": "FSSAI logo",
      "imageUrl": "https://images.unsplash.com/photo-1762330915716-69ffffeeee95?crop=entropy&cs=tinysrgb&fit=max&fm=jpg&ixid=M3w3NDE5ODJ8MHwxfHNlYXJjaHwyfHxjZXJ0aWZpY2F0aW9uJTIwbG9nb3xlbnwwfHx8fDE3NjI3NzIzMTB8MA&ixlib-rb-4.1.0&q=80&w=1080",
      "imageHint": "certification logo"
    },
    {
      "id": "logo-1",
      "description": "Adani logo",
      "imageUrl": "https://ecomen.in/assets/images/clintele/adani.jpg",
      "imageHint": "company logo"
    },
    {
      "id": "logo-2",
      "description": "AM/NS India",
      "imageUrl": "https://ecomen.in/assets/images/clintele/am-ns%20india.png",
      "imageHint": "company logo"
    },
    {
      "id": "logo-3",
      "description": "Coal India Limited",
      "imageUrl": "https://ecomen.in/assets/images/clintele/coal-india-limited.jpg",
      "imageHint": "company logo"
    },
    {
      "id": "logo-4",
      "description": "Hutty Gold Mines",
      "imageUrl": "https://ecomen.in/assets/images/clintele/hutty%20gold%20mines.jpg",
      "imageHint": "company logo"
    },
    {
      "id": "logo-5",
      "description": "JSLA",
      "imageUrl": "https://ecomen.in/assets/images/clintele/jsla.jpg",
      "imageHint": "company logo"
    },
    {
      "id": "logo-6",
      "description": "JSW",
      "imageUrl": "https://ecomen.in/assets/images/clintele/jsw.jpg",
      "imageHint": "company logo"
    },
    {
      "id": "logo-7",
      "description": "Karnataka Industrial Area Development",
      "imageUrl": "https://ecomen.in/assets/images/clintele/karnataka%20industrial%20area%20development.jpeg",
      "imageHint": "company logo"
    },
    {
      "id": "team-1",
      "description": "Portrait of Dr. Arin Kapoor",
      "imageUrl": "https://images.unsplash.com/photo-1692197393247-c76e1bd8f29e?crop=entropy&cs=tinysrgb&fit=max&fm=jpg&ixid=M3w3NDE5ODJ8MHwxfHNlYXJjaHwyfHxtYWxlJTIwcG9ydHJhaXR8ZW58MHx8fHwxNzYyNjg5MTE2fDA&ixlib=rb-4.1.0&q=80&w=1080",
      "imageHint": "male portrait"
    },
    {
      "id": "team-2",
      "description": "Portrait of Priya Sharma",
      "imageUrl": "https://images.unsplash.com/photo-1634149134165-6d679d80a800?crop=entropy&cs=tinysrgb&fit=max&fm=jpg&ixid=M3w3NDE5ODJ8MHwxfHNlYXJjaHw4fHxmZW1hbGUlMjBwb3J0cmFpdHxlbnwwfHx8fDE3NjI3NDIwNzF8MA&ixlib=rb-4.1.0&q=80&w=1080",
      "imageHint": "female portrait"
    },
    {
      "id": "team-3",
      "description": "Portrait of Rohan Desai",
      "imageUrl": "https://images.unsplash.com/photo-1590086782792-42dd2350140d?crop=entropy&cs=tinysrgb&fit=max&fm=jpg&ixid=M3w3NDE5ODJ8MHwxfHNlYXJjaHw1fHxtYWxlJTIwcG9ydHJhaXR8ZW58MHx8fHwxNzYyNjg5MTE2fDA&ixlib=rb-4.1.0&q=80&w=1080",
      "imageHint": "male portrait"
    },
    {
      "id": "team-4",
      "description": "Portrait of Anjali Mehta",
      "imageUrl": "https://images.unsplash.com/photo-1634149134664-ca3598f29da5?crop=entropy&cs=tinysrgb&fit=max&fm=jpg&ixid=M3w3NDE5ODJ8MHwxfHNlYXJjaHw3fHxmZW1hbGUlMjBwb3J0cmFpdHxlbnwwfHx8fDE3NjI3NDIwNzF8MA&ixlib=rb-4.1.0&q=80&w=1080",
      "imageHint": "female portrait"
    },
    {
      "id": "news-1",
      "description": "Hands holding a water testing kit",
      "imageUrl": "https://images.unsplash.com/photo-1662038600378-6a6698debac4?crop=entropy&cs=tinysrgb&fit=max&fm=jpg&ixid=M3w3NDE5ODJ8MHwxfHNlYXJjaHw5fHx3YXRlciUyMHRlc3R8ZW58MHx8fHwxNzYyNjk1MDg0fDA&ixlib=rb-4.1.0&q=80&w=1080",
      "imageHint": "water test"
    },
    {
      "id": "news-2",
      "description": "Person working at an ergonomic desk",
      "imageUrl": "https://images.unsplash.com/photo-1688578735122-f37256f1b8b0?crop=entropy&cs=tinysrgb&fit=max&fm=jpg&ixid=M3w3NDE5ODJ8MHwxfHNlYXJjaHwyfHxlcmdvbm9taWMlMjBkZXNrfGVufDB8fHx8MTc2Mjc3MjMxMHww&ixlib=rb-4.1.0&q=80&w=1080",
      "imageHint": "ergonomic desk"
    },
    {
      "id": "news-3",
      "description": "Exterior of a modern laboratory building",
      "imageUrl": "https://images.unsplash.com/photo-1615406020658-6c4b805f1f30?crop=entropy&cs=tinysrgb&fit=max&fm=jpg&ixid=M3w3NDE5ODJ8MHwxfHNlYXJjaHwxfHxtb2Rlcm4lMjBidWlsZGluZ3xlbnwwfHx8fDE3NjI3NTA0OTN8MA&ixlib=rb-4.1.0&q=80&w=1080",
      "imageHint": "modern building"
    },
    {
      "id": "workshop-1",
      "description": "Professionals in a meeting discussing a diagram",
      "imageUrl": "https://images.unsplash.com/photo-1616587656977-ac36a5a430bc?crop=entropy&cs=tinysrgb&fit=max&fm=jpg&ixid=M3w3NDE5ODJ8MHwxfHNlYXJjaHw0fHxidXNpbmVzcyUyMG1lZXRpbmd8ZW58MHx8fHwxNzYyNzUwMzY2fDA&ixlib-rb-4.1.0&q=80&w=1080",
      "imageHint": "business meeting"
    },
    {
      "id": "workshop-2",
      "description": "Person holding an ISO certificate",
      "imageUrl": "https://images.unsplash.com/photo-1613825787346-ef9c6189774b?crop=entropy&cs=tinysrgb&fit=max&fm=jpg&ixid=M3w3NDE5ODJ8MHwxfHNlYXJjaHw1fHxob2xkaW5nJTIwY2VydGlmaWNhdGV8ZW58MHx8fHwxNzYyNzcyMzEwfDA&ixlib-rb-4.1.0&q=80&w=1080",
      "imageHint": "holding certificate"
    },
    {
      "id": "workshop-3",
      "description": "Safety officer with hard hat in a factory",
      "imageUrl": "https://images.unsplash.com/photo-1618371690240-e0d46eead4b8?crop=entropy&cs=tinysrgb&fit=max&fm=jpg&ixid=M3w3NDE5ODJ8MHwxfHNlYXJjaHwxfHxzYWZldHklMjBvZmZpY2VyfGVufDB8fHx8MTc2Mjc3MjMxMHww&ixlib-rb-4.1.0&q=80&w=1080",
      "imageHint": "safety officer"
    },
    {
      "id": "client-avatar-1",
      "description": "Portrait of Sarah Johnson",
      "imageUrl": "https://images.unsplash.com/photo-1531746020798-e6953c6e8e04?crop=entropy&cs=tinysrgb&fit=max&fm=jpg&ixid=M3w3NDE5ODJ8MHwxfHNlYXJjaHw3fHx3b21hbiUyMHBvcnRyYWl0fGVufDB8fHx8MTc2MjcwMjE5MHww&ixlib-rb-4.1.0&q=80&w=1080",
      "imageHint": "woman portrait"
    },
    {
      "id": "client-avatar-2",
      "description": "Portrait of Raj Patel",
      "imageUrl": "https://images.unsplash.com/photo-1636377985931-898218afd306?crop=entropy&cs=tinysrgb&fit=max&fm=jpg&ixid=M3w3NDE5ODJ8MHwxfHNlYXJjaHw2fHxtYW4lMjBwb3J0cmFpdHxlbnwwfHx8fDE3NjI3Mzg5NzR8MA&ixlib-rb-4.1.0&q=80&w=1080",
      "imageHint": "man portrait"
    },
    {
      "id": "client-avatar-3",
      "description": "Portrait of Li Wei",
      "imageUrl": "https://images.unsplash.com/photo-1557053908-4793c484d06f?crop=entropy&cs=tinysrgb&fit=max&fm=jpg&ixid=M3w3NDE5ODJ8MHwxfHNlYXJjaHw0fHx3b21hbiUyMHBvcnRyYWl0fGVufDB8fHx8MTc2MjcwMjE5MHww&ixlib-rb-4.1.0&q=80&w=1080",
      "imageHint": "woman portrait"
    },
    {
      "id": "client-avatar-4",
      "description": "Portrait of David Chen",
      "imageUrl": "https://images.unsplash.com/photo-1568602471122-7832951cc4c5?crop=entropy&cs=tinysrgb&fit=max&fm=jpg&ixid=M3w3NDE5ODJ8MHwxfHNlYXJjaHw3fHxtYW4lMjBwb3J0cmFpdHxlbnwwfHx8fDE3NjI3Mzg5NzR8MA&ixlib-rb-4.1.0&q=80&w=1080",
      "imageHint": "man portrait"
    },
    {
      "id": "gallery-labs-1",
      "description": "Gas Chromatography-Mass Spectrometry unit",
      "imageUrl": "https://images.unsplash.com/photo-1526930700683-86db0d6bab09?crop=entropy&cs=tinysrgb&fit=max&fm=jpg&ixid=M3w3NDE5ODJ8MHwxfHNlYXJjaHw4fHxsYWIlMjBlcXVpcG1lbnR8ZW58MHx8fHwxNzYyNjg5NzUwfDA&ixlib-rb-4.1.0&q=80&w=1080",
      "imageHint": "lab equipment"
    },
    {
      "id": "gallery-teams-1",
      "description": "Microbiology team at work",
      "imageUrl": "https://images.unsplash.com/photo-1600880292089-90a7e086ee0c?crop=entropy&cs=tinysrgb&fit=max&fm=jpg&ixid=M3w3NDE5ODJ8MHwxfHNlYXJjaHw3fHx0ZWFtJTIwd29ya2luZ3xlbnwwfHx8fDE3NjI3MTgxNjR8MA&ixlib-rb-4.1.0&q=80&w=1080",
      "imageHint": "team working"
    },
    {
      "id": "gallery-workshops-1",
      "description": "Industrial Hygiene workshop in session",
      "imageUrl": "https://images.unsplash.com/photo-1733222764429-5fcd683c4b7d?crop=entropy&cs=tinysrgb&fit=max&fm=jpg&ixid=M3w3NDE5ODJ8MHwxfHNlYXJjaHwxMHx8d29ya3Nob3AlMjBwcmVzZW50YXRpb258ZW58MHx8fHwxNzYyNzIxMTk5fDA&ixlib-rb-4.1.0&q=80&w=1080",
      "imageHint": "workshop presentation"
    },
    {
      "id": "gallery-events-1",
      "description": "Celebrating the Green Innovation Award",
      "imageUrl": "https://images.unsplash.com/photo-1535506197904-e5c09c0e5619?crop=entropy&cs=tinysrgb&fit=max&fm=jpg&ixid=M3w3NDE5ODJ8MHwxfHNlYXJjaHwzfHx0ZWFtJTIwY2VsZWJyYXRpb258ZW58MHx8fHwxNzYyNzYyNDY1fDA&ixlib-rb-4.1.0&q=80&w=1080",
      "imageHint": "team celebration"
    },
    {
      "id": "gallery-labs-2",
      "description": "Atomic Absorption Spectrophotometer",
      "imageUrl": "https://images.unsplash.com/photo-1579154204601-01588f351e67?crop=entropy&cs=tinysrgb&fit=max&fm=jpg&ixid=M3w3NDE5ODJ8MHwxfHNlYXJjaHw0fHxsYWIlMjBlcXVpcG1lbnR8ZW58MHx8fHwxNzYyNjg5NzUwfDA&ixlib-rb-4.1.0&q=80&w=1080",
      "imageHint": "lab equipment"
    },
    {
      "id": "gallery-teams-2",
      "description": "Field technicians calibrating equipment",
      "imageUrl": "https://images.unsplash.com/photo-1540476547779-348beb642680?crop=entropy&cs=tinysrgb&fit=max&fm=jpg&ixid=M3w3NDE5ODJ8MHwxfHNlYXJjaHwyfHx0ZWNobmljaWFucyUyMHdvcmtpbmd8ZW58MHx8fHwxNzYyNzcyMzEwfDA&ixlib-rb-4.1.0&q=80&w=1080",
      "imageHint": "technicians working"
    },
    {
      "id": "gallery-workshops-2",
      "description": "ISO implementation training",
      "imageUrl": "https://images.unsplash.com/photo-1746003625471-8785a7d19d78?crop=entropy&cs=tinysrgb&fit=max&fm=jpg&ixid=M3w3NDE5ODJ8MHwxfHNlYXJjaHw3fHx0cmFpbmluZyUyMHNlc3Npb258ZW58MHx8fHwxNzYyNzI2NTg5fDA&ixlib-rb-4.1.0&q=80&w=1080",
      "imageHint": "training session"
    },
    {
      "id": "gallery-events-2",
      "description": "Annual company offsite event",
      "imageUrl": "https://images.unsplash.com/photo-1505373877841-8d25f7d46678?crop=entropy&cs=tinysrgb&fit=max&fm=jpg&ixid=M3w3NDE5ODJ8MHwxfHNlYXJjaHw3fHxjb21wYW55JTIwZXZlbnR8ZW58MHx8fHwxNzYyNzUwNDkzfDA&ixlib-rb-4.1.0&q=80&w=1080",
      "imageHint": "company event"
    },
    {
      "id": "gallery-labs-3",
      "description": "Cleanroom for sensitive sample preparation",
      "imageUrl": "https://images.unsplash.com/photo-1668600418879-c461f6079c06?crop=entropy&cs=tinysrgb&fit=max&fm=jpg&ixid=M3w3NDE5ODJ8MHwxfHNlYXJjaHw3fHxjbGVhbnJvb20lMjBsYWJ8ZW58MHx8fHwxNzYyNzcyMzEwfDA&ixlib-rb-4.1.0&q=80&w=1080",
      "imageHint": "cleanroom lab"
    },
    {
      "id": "gallery-teams-3",
      "description": "Water sampling on a river",
      "imageUrl": "https://images.unsplash.com/photo-1560673429-b9b9338a360a?crop=entropy&cs=tinysrgb&fit=max&fm=jpg&ixid=M3w3NDE5ODJ8MHwxfHNlYXJjaHw5fHx3YXRlciUyMHNhbXBsaW5nfGVufDB8fHx8MTc2Mjc3MDk1Mnww&ixlib-rb-4.1.0&q=80&w=1080",
      "imageHint": "water sampling"
    },
    {
      "id": "csr-1",
      "description": "Hands holding a small plant",
      "imageUrl": "https://images.unsplash.com/photo-1542601906990-b4d3fb778b09?crop=entropy&cs=tinysrgb&fit=max&fm=jpg&ixid=M3w3NDE5ODJ8MHwxfHNlYXJjaHwxfHxwbGFudCUyMGhhbmRzfGVufDB8fHx8MTc2MjcxNDk3NXww&ixlib-rb-4.1.0&q=80&w=1080",
      "imageHint": "plant hands"
    },
    {
      "id": "csr-2",
      "description": "Solar panels in a field",
      "imageUrl": "https://images.unsplash.com/photo-1509391366360-2e959784a276?crop=entropy&cs=tinysrgb&fit=max&fm=jpg&ixid=M3w3NDE5ODJ8MHwxfHNlYXJjaHwxfHxzb2xhciUyMHBhbmVsc3xlbnwwfHx8fDE3NjI2ODIwNTJ8MA&ixlibrb-4.1.0&q=80&w=1080",
      "imageHint": "solar panels"
    },
    {
      "id": "quality-banner",
      "description": "Abstract image representing quality and precision",
      "imageUrl": "https://images.unsplash.com/photo-1570649160447-ffe37dc6f2f0?crop=entropy&cs=tinysrgb&fit=max&fm=jpg&ixid=M3w3NDE5ODJ8MHwxfHNlYXJjaHw3fHxhYnN0cmFjdCUyMGxpbmVzfGVufDB8fHx8MTc2MjY2ODg0MHww&ixlib-rb-4.1.0&q=80&w=1080",
      "imageHint": "abstract lines"
    }
  ]
}